,Plasma cells,Classical monocytes,Alveolar fibroblasts,AT1,B cells,Monocyte-derived Mph,CD8 T cells,Pericytes,CD4 T cells,EC general capillary,AT2,Alveolar macrophages,Peribronchial fibroblasts,EC aerocyte capillary,Mast cells,Myofibroblasts
CDKN1B,0.00014417986676562577,0.00014417986676562577,0.00014417986676562577,0.00014417986676562577,0.00014417986676562577,0.000144179881317541,0.00014417986676562577,0.00014417986676562577,0.00014417989586945623,0.00014417986676562577,0.000144179881317541,0.00014417986676562577,0.00014417986676562577,0.0,0.00014417986676562577,0.0
LCP1,0.00014486955478787422,0.00014486955478787422,0.00014486955478787422,0.00014486955478787422,0.00014486955478787422,0.00014486952568404377,0.00014486955478787422,0.00014486955478787422,0.00014486945292446762,0.00014486955478787422,0.00014486955478787422,0.00014486955478787422,0.0,0.00014486955478787422,0.00014486955478787422,0.0
ARPC1B,0.00014556452515535057,0.00014556452515535057,0.0001455645397072658,0.00014556452515535057,0.00014556452515535057,0.00014556446694768965,0.0001455645397072658,0.0001455645397072658,0.0001455645397072658,0.0001455645397072658,0.0001455644960515201,0.0001455645397072658,0.00014556452515535057,0.00014556452515535057,0.00014556452515535057,0.00014556452515535057
NFE2L2,0.0,0.0001468902628403157,0.00014689027739223093,0.0001468902628403157,0.0001468902628403157,0.00014689027739223093,0.0001468902628403157,0.0001468902628403157,0.00014689027739223093,0.0,0.00014689027739223093,0.0001468902628403157,0.0001468902628403157,0.0,0.0001468902628403157,0.0001468902628403157
C3,0.00014704238856211305,0.00014704238856211305,0.00014704234490636736,0.00014704238856211305,0.0,0.00014704238856211305,0.00014704238856211305,0.00014704238856211305,0.00014704238856211305,0.00014704238856211305,0.00014704234490636736,0.00014704238856211305,0.00014704238856211305,0.00014704238856211305,0.00014704238856211305,0.0
ETS2,0.00015074257680680603,0.00015074257680680603,0.00015074257680680603,0.00015074257680680603,0.0,0.00015074253315106034,0.00015074257680680603,0.00015074257680680603,0.00015074257680680603,0.00015074257680680603,0.00015074254770297557,0.00015074257680680603,0.0,0.00015074257680680603,0.0,0.00015074257680680603
FOS,0.00015255984908435494,0.00015255986363627017,0.0001525598781881854,0.00015255984908435494,0.00015255984908435494,0.00015255992184393108,0.00015255984908435494,0.00015255984908435494,0.00015255984908435494,0.00015255984908435494,0.00015255986363627017,0.00015255984908435494,0.00015255984908435494,0.00015255984908435494,0.0,0.00015255984908435494
JUN,0.0001545634731883183,0.0,0.0001545634731883183,0.0001545634731883183,0.0001545634731883183,0.0001545634731883183,0.0001545634731883183,0.0001545634731883183,0.0001545634731883183,0.0001545634731883183,0.0001545634731883183,0.0001545634731883183,0.0001545634731883183,0.0001545634731883183,0.0,0.0001545634731883183
RBL2,0.0,0.00015480293950531632,0.00015480293950531632,0.00015480293950531632,0.00015480293950531632,0.00015480293950531632,0.00015480293950531632,0.00015480293950531632,0.000154802983161062,0.00015480293950531632,0.00015480293950531632,0.00015480293950531632,0.0,0.00015480293950531632,0.0,0.0
ETS1,0.0,0.00015613361028954387,0.00015613361028954387,0.00015613361028954387,0.00015613361028954387,0.00015613361028954387,0.00015613363939337432,0.00015613361028954387,0.0001561335229780525,0.00015613363939337432,0.00015613359573762864,0.00015613361028954387,0.00015613361028954387,0.00015613361028954387,0.00015613361028954387,0.00015613361028954387
MXD4,0.0,0.0,0.00015684214304201305,0.00015684214304201305,0.00015684214304201305,0.00015684215759392828,0.00015684214304201305,0.00015684214304201305,0.00015684215759392828,0.0,0.00015684215759392828,0.00015684215759392828,0.00015684214304201305,0.00015684214304201305,0.0,0.00015684214304201305
RAC1,0.0001634022337384522,0.0001634022337384522,0.00016340224829036742,0.0001634022337384522,0.0001634022337384522,0.00016340226284228265,0.0001634022337384522,0.0001634022337384522,0.0001634022337384522,0.0001634022337384522,0.00016340220463462174,0.00016340221918653697,0.0,0.0001634022337384522,0.0,0.0001634022337384522
CITED2,0.000163803604664281,0.00016380361921619624,0.00016380359011236578,0.0,0.0,0.00016380359011236578,0.00016380359011236578,0.00016380359011236578,0.00016380359011236578,0.0,0.00016380359011236578,0.00016380359011236578,0.000163803604664281,0.000163803604664281,0.0,0.0
MMP14,0.00017403645324520767,0.00017403645324520767,0.0001740364677971229,0.00017403645324520767,0.0,0.0001740364677971229,0.00017403645324520767,0.00017403645324520767,0.00017403645324520767,0.00017403645324520767,0.0001740364677971229,0.00017403645324520767,0.0001740364677971229,0.0,0.0,0.00017403645324520767
TOP1,0.0,0.00017485811258666217,0.0001748581271385774,0.00017485811258666217,0.0,0.0001748581271385774,0.00017485811258666217,0.00017485811258666217,0.0001748581271385774,0.00017485811258666217,0.0001748581271385774,0.00017485811258666217,0.00017485811258666217,0.00017485811258666217,0.0,0.0
AKT1,0.0,0.0001755949342623353,0.0001755949342623353,0.0001755949342623353,0.0,0.00017559491971042007,0.0,0.0001755949342623353,0.0001755949342623353,0.0001755949342623353,0.00017559491971042007,0.0001755949342623353,0.0001755949342623353,0.0,0.0,0.0
IL32,0.00017584452871233225,0.0,0.00017584452871233225,0.00017584452871233225,0.0,0.00017584452871233225,0.00017584451416041702,0.00017584452871233225,0.0001758445578161627,0.00017584452871233225,0.0001758444996085018,0.00017584452871233225,0.00017584452871233225,0.00017584452871233225,0.0,0.0
RUNX1,0.0,0.000176182875293307,0.000176182875293307,0.00017618286074139178,0.00017618286074139178,0.00017618288984522223,0.00017618286074139178,0.000176182875293307,0.000176182875293307,0.0,0.00017618286074139178,0.00017618284618947655,0.00017618286074139178,0.0,0.00017618286074139178,0.00017618286074139178
IRF3,0.00017674374976195395,0.0,0.00017674373521003872,0.00017674376431386918,0.00017674374976195395,0.00017674373521003872,0.00017674376431386918,0.00017674374976195395,0.0001767437788657844,0.00017674374976195395,0.00017674373521003872,0.00017674374976195395,0.0,0.0,0.00017674374976195395,0.00017674374976195395
NME2,0.00017765363736543804,0.0,0.00017765363736543804,0.00017765363736543804,0.0,0.00017765365191735327,0.00017765363736543804,0.00017765363736543804,0.00017765363736543804,0.00017765363736543804,0.00017765368102118373,0.00017765363736543804,0.00017765363736543804,0.00017765363736543804,0.0,0.00017765363736543804
GUK1,0.00017860574007499963,0.00017860574007499963,0.00017860574007499963,0.00017860574007499963,0.0,0.0001786057691788301,0.0,0.00017860574007499963,0.00017860575462691486,0.00017860574007499963,0.00017860575462691486,0.00017860575462691486,0.00017860574007499963,0.00017860574007499963,0.00017860574007499963,0.00017860574007499963
ITPKB,0.0,0.0001796027208911255,0.0001796027208911255,0.0,0.0001796027208911255,0.00017960273544304073,0.0001796027208911255,0.0001796027208911255,0.00017960274999495596,0.00017960273544304073,0.0001796027208911255,0.0001796027208911255,0.0001796027208911255,0.0,0.0001796027208911255,0.0001796027208911255
PEA15,0.00018031219951808453,0.00018031219951808453,0.00018031219951808453,0.00018031219951808453,0.0,0.00018031219951808453,0.0,0.00018031219951808453,0.00018031219951808453,0.00018031219951808453,0.00018031219951808453,0.00018031219951808453,0.00018031219951808453,0.00018031219951808453,0.00018031219951808453,0.0
HBS1L,0.00018201906641479582,0.0,0.00018201906641479582,0.00018201906641479582,0.00018201906641479582,0.00018201906641479582,0.00018201906641479582,0.00018201906641479582,0.00018201906641479582,0.00018201906641479582,0.00018201906641479582,0.00018201906641479582,0.00018201906641479582,0.0,0.0,0.0
BHLHE40,0.00018248343258164823,0.00018248343258164823,0.00018248343258164823,0.0,0.0,0.000182483418029733,0.00018248343258164823,0.00018248343258164823,0.00018248344713356346,0.0,0.00018248344713356346,0.00018248343258164823,0.00018248343258164823,0.00018248343258164823,0.000182483418029733,0.0
STAT1,0.0,0.00018396043742541224,0.00018396043742541224,0.00018396043742541224,0.00018396043742541224,0.00018396043742541224,0.00018396043742541224,0.0,0.00018396043742541224,0.00018396043742541224,0.00018396043742541224,0.00018396043742541224,0.0,0.0,0.00018396043742541224,0.00018396043742541224
RAB5B,0.00018467406334821135,0.00018467406334821135,0.00018467406334821135,0.00018467406334821135,0.00018467406334821135,0.00018467406334821135,0.00018467406334821135,0.00018467406334821135,0.00018467406334821135,0.00018467406334821135,0.00018467406334821135,0.00018467406334821135,0.0,0.00018467406334821135,0.00018467406334821135,0.00018467406334821135
CREG1,0.0001859443582361564,0.0001859443582361564,0.0001859443582361564,0.0001859443582361564,0.0,0.00018594422726891935,0.0001859443582361564,0.0001859443582361564,0.0001859443582361564,0.0001859443582361564,0.0001859443582361564,0.0001859443582361564,0.0001859443582361564,0.0001859443582361564,0.0,0.0001859443582361564
PKM,0.0001859785697888583,0.0001859785697888583,0.00018597858434077352,0.0001859785697888583,0.00018597855523694307,0.00018597858434077352,0.0001859785697888583,0.0001859785697888583,0.00018597858434077352,0.0001859785697888583,0.00018597858434077352,0.00018597858434077352,0.0001859785697888583,0.0,0.0001859785697888583,0.0001859785697888583
CXCL16,0.0,0.0001860485936049372,0.00018604857905302197,0.00018604857905302197,0.0001860485936049372,0.00018604850629344583,0.0,0.00018604860815685242,0.0001860485936049372,0.0001860485936049372,0.00018604856450110674,0.00018604862270876765,0.0001860485936049372,0.0,0.00018604860815685242,0.0001860485936049372
NEK6,0.0001862210629042238,0.00018622104835230857,0.0001862210629042238,0.0001862210629042238,0.00018622104835230857,0.00018622103380039334,0.0001862210629042238,0.00018622104835230857,0.00018622107745613903,0.0001862210629042238,0.00018622107745613903,0.00018622107745613903,0.00018622104835230857,0.0001862210629042238,0.0001862210629042238,0.0001862210629042238
ICAM1,0.0,0.0,0.0001870926789706573,0.0001870926789706573,0.0,0.0001870926789706573,0.0,0.00018709266441874206,0.00018709266441874206,0.00018709266441874206,0.0001870926353149116,0.00018709266441874206,0.00018709266441874206,0.00018709266441874206,0.0,0.0
AAK1,0.0,0.00018903741147369146,0.0,0.00018903741147369146,0.0,0.00018903741147369146,0.00018903741147369146,0.00018903741147369146,0.00018903745512943715,0.00018903741147369146,0.00018903741147369146,0.00018903741147369146,0.00018903741147369146,0.0,0.00018903741147369146,0.00018903741147369146
MIF,0.00018943098257295787,0.00018943098257295787,0.0001894309971248731,0.00018943098257295787,0.00018943096802104264,0.0001894309971248731,0.00018943098257295787,0.00018943098257295787,0.0001894309971248731,0.0001894309971248731,0.0001894309971248731,0.0001894309971248731,0.00018943098257295787,0.0,0.00018943098257295787,0.0
SUPT5H,0.0,0.0,0.00018997360893990844,0.00018997360893990844,0.0,0.00018997360893990844,0.00018997360893990844,0.0,0.00018997360893990844,0.00018997360893990844,0.00018997360893990844,0.00018997360893990844,0.0,0.00018997360893990844,0.00018997360893990844,0.00018997360893990844
RAB13,0.0,0.00019080733181908727,0.00019080733181908727,0.00019080733181908727,0.0,0.0001908073027152568,0.0,0.00019080733181908727,0.00019080733181908727,0.00019080733181908727,0.00019080733181908727,0.0001908073463710025,0.00019080733181908727,0.00019080733181908727,0.0,0.0
MORC3,0.00019339013670105487,0.0,0.00019339013670105487,0.0,0.00019339013670105487,0.00019339013670105487,0.00019339013670105487,0.00019339013670105487,0.00019339012214913964,0.00019339013670105487,0.0001933901512529701,0.00019339013670105487,0.0,0.00019339013670105487,0.00019339013670105487,0.0
SGK1,0.0,0.00019466849335003644,0.00019466850790195167,0.00019466849335003644,0.0,0.00019466843514237553,0.00019466849335003644,0.00019466849335003644,0.00019466849335003644,0.00019466850790195167,0.00019466850790195167,0.00019466850790195167,0.00019466849335003644,0.00019466849335003644,0.00019466849335003644,0.0
OPTN,0.00019604264525696635,0.00019604264525696635,0.00019604264525696635,0.00019604264525696635,0.00019604264525696635,0.0001960426743607968,0.0,0.00019604265980888158,0.00019604268891271204,0.00019604264525696635,0.0001960426743607968,0.00019604264525696635,0.00019604264525696635,0.00019604264525696635,0.00019604264525696635,0.00019604264525696635
EWSR1,0.00019646427244879305,0.00019646427244879305,0.00019646427244879305,0.00019646427244879305,0.00019646427244879305,0.00019646427244879305,0.00019646427244879305,0.00019646427244879305,0.0001964643015526235,0.00019646427244879305,0.00019646425789687783,0.00019646427244879305,0.0,0.0,0.00019646427244879305,0.00019646427244879305
MAP2K2,0.00019646446162369102,0.00019646446162369102,0.00019646446162369102,0.0,0.00019646446162369102,0.00019646443251986057,0.00019646446162369102,0.00019646446162369102,0.00019646446162369102,0.0,0.00019646446162369102,0.00019646446162369102,0.0,0.00019646446162369102,0.0,0.00019646446162369102
MDM2,0.00019661869737319648,0.00019661869737319648,0.00019661869737319648,0.00019661869737319648,0.0,0.0001966187119251117,0.00019661868282128125,0.00019661869737319648,0.00019661868282128125,0.0,0.0001966187119251117,0.0001966187119251117,0.00019661869737319648,0.0,0.0,0.0
MOB3A,0.00019685144070535898,0.00019685144070535898,0.00019685144070535898,0.0,0.00019685144070535898,0.0001968514552572742,0.00019685144070535898,0.00019685144070535898,0.00019685141160152853,0.00019685144070535898,0.00019685144070535898,0.0,0.00019685144070535898,0.00019685144070535898,0.00019685144070535898,0.0
MAPK14,0.0,0.00019988064013887197,0.00019988062558695674,0.0,0.0,0.00019988066924270242,0.00019988062558695674,0.00019988062558695674,0.00019988066924270242,0.00019988062558695674,0.00019988064013887197,0.00019988062558695674,0.0,0.00019988062558695674,0.00019988062558695674,0.00019988062558695674
NAP1L4,0.0,0.00020076383952982724,0.00020076383952982724,0.0,0.00020076383952982724,0.000200763824977912,0.00020076383952982724,0.00020076383952982724,0.000200763824977912,0.0,0.00020076383952982724,0.00020076383952982724,0.00020076383952982724,0.0,0.0,0.00020076383952982724
BCL6,0.0,0.00020088783639948815,0.00020088782184757292,0.00020088783639948815,0.00020088783639948815,0.00020088783639948815,0.00020088783639948815,0.00020088783639948815,0.00020088783639948815,0.0,0.00020088783639948815,0.00020088783639948815,0.00020088783639948815,0.0,0.0,0.00020088783639948815
ATM,0.0,0.0,0.00020235168631188571,0.0,0.0,0.00020235170086380094,0.00020235170086380094,0.0,0.00020235170086380094,0.00020235168631188571,0.00020235167175997049,0.00020235168631188571,0.0,0.0,0.00020235168631188571,0.0
MAP2K3,0.0,0.0002025934518314898,0.0002025934518314898,0.0,0.0,0.00020259342272765934,0.0002025934518314898,0.0,0.0002025934518314898,0.0002025934518314898,0.0002025934518314898,0.00020259343727957457,0.0002025934518314898,0.0002025934518314898,0.0,0.0002025934518314898
BEX3,0.0,0.0,0.00020567864703480154,0.00020567864703480154,0.0,0.00020567864703480154,0.0,0.00020567864703480154,0.00020567864703480154,0.00020567864703480154,0.00020567871979437768,0.00020567864703480154,0.00020567864703480154,0.00020567864703480154,0.0,0.0
PML,0.00020673967082984746,0.00020673968538176268,0.00020673965627793223,0.00020673967082984746,0.00020673967082984746,0.00020673967082984746,0.0,0.0,0.00020673965627793223,0.00020673967082984746,0.00020673968538176268,0.00020673967082984746,0.00020673967082984746,0.00020673967082984746,0.0,0.0
SPIN1,0.0,0.0,0.00020678220607805997,0.00020678220607805997,0.0,0.0002067822206299752,0.00020678220607805997,0.00020678220607805997,0.0002067822206299752,0.00020678220607805997,0.00020678220607805997,0.00020678220607805997,0.0,0.0,0.00020678220607805997,0.00020678220607805997
CCN2,0.0002085970190819353,0.0,0.00020859698997810483,0.0,0.0,0.0002085970190819353,0.0002085970190819353,0.00020859703363385051,0.0002085970190819353,0.0,0.00020859703363385051,0.0002085970190819353,0.00020859700453002006,0.0,0.0,0.00020859703363385051
MAP2K1,0.00021394918439909816,0.0,0.00021394918439909816,0.00021394918439909816,0.0,0.00021394922805484384,0.00021394918439909816,0.00021394918439909816,0.00021394921350292861,0.00021394918439909816,0.00021394922805484384,0.00021394919895101339,0.0,0.0,0.0,0.0
CDKN1A,0.0,0.0,0.00021673440642189234,0.00021673440642189234,0.0,0.00021673439186997712,0.00021673440642189234,0.00021673440642189234,0.00021673440642189234,0.00021673440642189234,0.0002167343773180619,0.00021673440642189234,0.00021673440642189234,0.00021673440642189234,0.0,0.00021673440642189234
RAB31,0.0,0.00021696560725104064,0.0002169655926991254,0.00021696560725104064,0.0,0.00021696557814721018,0.0,0.00021696560725104064,0.00021696560725104064,0.0,0.0002169655926991254,0.00021696557814721018,0.00021696560725104064,0.00021696560725104064,0.0,0.00021696560725104064
RAF1,0.0002174845285480842,0.0002174845285480842,0.0002174845285480842,0.0,0.0,0.00021748451399616897,0.0002174845285480842,0.0002174845285480842,0.0002174845285480842,0.0,0.00021748451399616897,0.0002174845285480842,0.0,0.0002174845285480842,0.0,0.0002174845285480842
RGL2,0.0,0.0,0.0002182460157200694,0.0,0.0,0.0002182460157200694,0.0002182460157200694,0.0002182460157200694,0.0002182460157200694,0.0002182460157200694,0.0002182460157200694,0.0002182460157200694,0.0002182460157200694,0.0002182460157200694,0.0,0.0002182460157200694
PDCD10,0.00022040828480385244,0.00022040828480385244,0.0002204082702519372,0.00022040828480385244,0.0,0.00022040828480385244,0.00022040828480385244,0.00022040828480385244,0.00022040828480385244,0.00022040828480385244,0.00022040828480385244,0.00022040828480385244,0.00022040828480385244,0.00022040828480385244,0.00022040828480385244,0.0
PSMB5,0.0,0.0,0.0,0.0002218754234490916,0.0002218754234490916,0.0002218754234490916,0.0002218754234490916,0.0002218754234490916,0.0002218754234490916,0.0002218754234490916,0.00022187540889717638,0.00022187540889717638,0.0002218754234490916,0.0002218754234490916,0.0,0.0002218754234490916
SP1,0.0,0.00022251745394896716,0.00022251745394896716,0.00022251745394896716,0.0,0.00022251743939705193,0.00022251745394896716,0.00022251745394896716,0.0002225174248451367,0.00022251745394896716,0.00022251743939705193,0.0,0.00022251745394896716,0.0,0.00022251745394896716,0.00022251745394896716
STAT5B,0.0,0.00022261729463934898,0.00022261729463934898,0.0,0.0,0.00022261729463934898,0.00022261729463934898,0.00022261729463934898,0.00022261729463934898,0.00022261729463934898,0.00022261729463934898,0.00022261729463934898,0.00022261729463934898,0.0,0.00022261729463934898,0.00022261729463934898
TES,0.00022321290452964604,0.00022321290452964604,0.00022321290452964604,0.00022321290452964604,0.00022321291908156127,0.0002232128899777308,0.0,0.00022321291908156127,0.0002232128899777308,0.00022321290452964604,0.00022321290452964604,0.00022321290452964604,0.00022321290452964604,0.0,0.0,0.0
ID1,0.0,0.0002236154832644388,0.0002236154832644388,0.0002236154832644388,0.0,0.0002236154832644388,0.0,0.0002236154832644388,0.0,0.00022361546871252358,0.00022361545416060835,0.0002236154832644388,0.0,0.0002236154832644388,0.0,0.0
CTNNB1,0.0,0.00022598607756663114,0.00022598607756663114,0.00022598607756663114,0.00022598607756663114,0.00022598607756663114,0.00022598607756663114,0.00022598607756663114,0.00022598607756663114,0.00022598607756663114,0.0002259861066704616,0.00022598607756663114,0.00022598607756663114,0.00022598607756663114,0.0,0.0
DEK,0.0,0.0002265502407681197,0.00022655022621620446,0.0002265502407681197,0.0002265502407681197,0.00022655025532003492,0.0002265502407681197,0.0002265502407681197,0.0002265502407681197,0.0002265502407681197,0.00022655022621620446,0.0002265502407681197,0.0002265502407681197,0.0,0.0,0.0002265502407681197
ITPK1,0.0002273226564284414,0.00022732264187652618,0.00022732267098035663,0.0002273226564284414,0.0,0.00022732262732461095,0.0002273226564284414,0.0002273226564284414,0.00022732267098035663,0.0002273226564284414,0.00022732262732461095,0.00022732267098035663,0.00022732264187652618,0.0002273226564284414,0.0,0.0002273226564284414
GLB1,0.00022983293456491083,0.00022983293456491083,0.00022983293456491083,0.00022983293456491083,0.00022983293456491083,0.00022983290546108037,0.0,0.00022983293456491083,0.0002298329200129956,0.00022983293456491083,0.00022983293456491083,0.00022983293456491083,0.00022983293456491083,0.00022983293456491083,0.00022983293456491083,0.00022983293456491083
STK40,0.00023164355661720037,0.00023164355661720037,0.00023164355661720037,0.00023164355661720037,0.0,0.00023164362937677652,0.00023164355661720037,0.00023164355661720037,0.0002316435711691156,0.00023164355661720037,0.00023164360027294606,0.00023164355661720037,0.00023164355661720037,0.00023164355661720037,0.00023164355661720037,0.00023164355661720037
PLAUR,0.00023315162979997694,0.00023315161524806172,0.00023315161524806172,0.0,0.0,0.00023315162979997694,0.00023315162979997694,0.00023315164435189217,0.00023315161524806172,0.0,0.00023315161524806172,0.00023315164435189217,0.00023315162979997694,0.00023315162979997694,0.00023315162979997694,0.0
CLTB,0.0,0.00023424375103786588,0.00023424375103786588,0.00023424375103786588,0.00023424375103786588,0.00023424375103786588,0.0,0.00023424375103786588,0.00023424375103786588,0.00023424375103786588,0.00023424372193403542,0.00023424375103786588,0.00023424375103786588,0.00023424375103786588,0.0,0.00023424375103786588
TUBGCP2,0.0,0.00023707511718384922,0.00023707511718384922,0.00023707511718384922,0.0,0.00023707513173576444,0.0,0.00023707511718384922,0.00023707513173576444,0.00023707511718384922,0.00023707511718384922,0.00023707511718384922,0.00023707511718384922,0.0,0.00023707511718384922,0.0
SMURF2,0.0,0.0,0.00023724562197458,0.00023724562197458,0.0,0.00023724562197458,0.0,0.0,0.00023724562197458,0.00023724562197458,0.00023724560742266476,0.00023724562197458,0.0,0.0,0.0,0.0
TYK2,0.0,0.0002375870681134984,0.0002375870681134984,0.0,0.0002375870681134984,0.0002375870681134984,0.0,0.0,0.00023758705356158316,0.0002375870681134984,0.0002375870681134984,0.0002375870681134984,0.0002375870681134984,0.0002375870681134984,0.0,0.0002375870681134984
MCRS1,0.0,0.0,0.00023923070693854243,0.0,0.0,0.00023923070693854243,0.00023923070693854243,0.0,0.00023923072149045765,0.00023923070693854243,0.00023923072149045765,0.00023923070693854243,0.0,0.00023923070693854243,0.0,0.0
HDAC1,0.0,0.0,0.0,0.0,0.0,0.0002400344965280965,0.0,0.0002400344965280965,0.00024003448197618127,0.0002400344965280965,0.0002400344965280965,0.0002400344965280965,0.0,0.0,0.0,0.0002400344965280965
MAP1LC3B,0.0,0.00024160048633348197,0.00024160047178156674,0.0,0.00024160047178156674,0.0002416004572296515,0.00024160047178156674,0.0,0.0002416004572296515,0.00024160047178156674,0.0002416004572296515,0.0002416004572296515,0.00024160047178156674,0.00024160047178156674,0.00024160047178156674,0.00024160048633348197
SCAMP4,0.00024485832545906305,0.0,0.0,0.0,0.00024485832545906305,0.00024485832545906305,0.00024485832545906305,0.00024485832545906305,0.00024485832545906305,0.0,0.00024485832545906305,0.00024485832545906305,0.0,0.0,0.00024485832545906305,0.00024485832545906305
VEGFA,0.0,0.0002453344059176743,0.0002453344059176743,0.00024533437681384385,0.0,0.00024533437681384385,0.0002453344059176743,0.0,0.0002453344059176743,0.0,0.00024533437681384385,0.0002453344059176743,0.0002453344059176743,0.0,0.0002453344059176743,0.0002453344059176743
TNFRSF1B,0.0,0.00024776995996944606,0.00024776995996944606,0.0,0.0,0.00024776995996944606,0.00024776995996944606,0.00024776995996944606,0.00024776995996944606,0.00024776995996944606,0.00024776995996944606,0.00024776995996944606,0.0,0.00024776995996944606,0.0,0.0
IGFBP5,0.0002488222380634397,0.0,0.00024882220895960927,0.0002488222380634397,0.0002488222380634397,0.0002488222380634397,0.0,0.0002488222380634397,0.0002488222380634397,0.0002488222380634397,0.0002488222380634397,0.0002488222380634397,0.0002488222380634397,0.0,0.0,0.0002488222380634397
NADK,0.0,0.0002491849008947611,0.0002491849008947611,0.0002491849008947611,0.0002491849008947611,0.0002491849008947611,0.0,0.0002491849008947611,0.0002491849008947611,0.0002491849008947611,0.0002491849008947611,0.0002491849008947611,0.0,0.0,0.0,0.0
SELPLG,0.00024950088118202984,0.00024950088118202984,0.0,0.0,0.00024950088118202984,0.00024950088118202984,0.00024950088118202984,0.00024950088118202984,0.00024950088118202984,0.00024950088118202984,0.00024950088118202984,0.00024950088118202984,0.0,0.00024950088118202984,0.0,0.0
TNFAIP3,0.00024987521464936435,0.00024987521464936435,0.00024987521464936435,0.00024987521464936435,0.0,0.00024987521464936435,0.00024987521464936435,0.0,0.00024987521464936435,0.0,0.00024987521464936435,0.00024987521464936435,0.0,0.0,0.00024987521464936435,0.0
CDK4,0.0,0.0,0.0002511250786483288,0.0002511250786483288,0.0,0.0002511250786483288,0.0002511250786483288,0.0002511250786483288,0.0002511250786483288,0.0002511250786483288,0.0002511250786483288,0.0002511250786483288,0.0002511250786483288,0.0002511250786483288,0.0002511250786483288,0.0002511250786483288
ERRFI1,0.0,0.0,0.0002517567772883922,0.00025175680639222264,0.0,0.00025175680639222264,0.0,0.0,0.0,0.00025175680639222264,0.0002517567772883922,0.00025175680639222264,0.00025175680639222264,0.0,0.00025175680639222264,0.0
NINJ1,0.0,0.00025290451594628394,0.00025290451594628394,0.00025290451594628394,0.00025290451594628394,0.0002529045450501144,0.00025290451594628394,0.00025290451594628394,0.00025290451594628394,0.00025290451594628394,0.00025290451594628394,0.00025290451594628394,0.00025290451594628394,0.00025290451594628394,0.00025290451594628394,0.00025290451594628394
IRF7,0.0,0.0002546474279370159,0.0002546474279370159,0.0002546474279370159,0.0002546474279370159,0.0002546474279370159,0.0002546474279370159,0.0002546474279370159,0.0002546474279370159,0.0002546474279370159,0.0002546474279370159,0.0002546474279370159,0.0,0.0002546474279370159,0.0,0.0002546474279370159
TERF2,0.0,0.00026588106993585825,0.00026588106993585825,0.0,0.00026588106993585825,0.00026588106993585825,0.00026588106993585825,0.0,0.00026588106993585825,0.0,0.00026588106993585825,0.0,0.0,0.0,0.00026588106993585825,0.0
IQGAP2,0.0,0.0,0.0002668792149052024,0.0,0.0,0.0002668792731128633,0.0002668792149052024,0.0,0.0002668792731128633,0.0,0.0002668792149052024,0.0002668792149052024,0.0,0.0002668792149052024,0.0,0.0
MAPKAPK5,0.0,0.0,0.0002670148678589612,0.0,0.0002670148678589612,0.0002670148678589612,0.0002670148678589612,0.0,0.0002670148678589612,0.0002670148678589612,0.0002670148678589612,0.0002670148678589612,0.0,0.0002670148678589612,0.0,0.0002670148678589612
GMFG,0.00026702406466938555,0.00026702406466938555,0.00026702406466938555,0.00026702406466938555,0.00026702406466938555,0.000267024093773216,0.00026702406466938555,0.00026702406466938555,0.000267024093773216,0.00026702406466938555,0.00026702406466938555,0.00026702406466938555,0.0,0.00026702406466938555,0.00026702406466938555,0.0
TNFAIP2,0.0,0.00027026631869375706,0.00027026631869375706,0.0,0.0,0.0002702662313822657,0.0,0.00027026631869375706,0.00027026631869375706,0.00027026631869375706,0.00027026631869375706,0.00027026631869375706,0.0,0.0,0.0,0.00027026631869375706
SOD1,0.0,0.0,0.00027092185337096453,0.0,0.0,0.00027092185337096453,0.00027092185337096453,0.00027092185337096453,0.00027092185337096453,0.00027092185337096453,0.00027092185337096453,0.00027092185337096453,0.00027092185337096453,0.00027092185337096453,0.00027092185337096453,0.00027092185337096453
HTATIP2,0.00027224860968999565,0.00027224860968999565,0.00027224860968999565,0.00027224860968999565,0.00027224860968999565,0.00027224860968999565,0.00027224860968999565,0.00027224860968999565,0.00027224860968999565,0.00027224860968999565,0.00027224860968999565,0.00027224860968999565,0.00027224860968999565,0.00027224860968999565,0.0,0.0
SREBF1,0.0,0.00027593053528107703,0.00027593053528107703,0.00027593053528107703,0.0,0.00027593053528107703,0.00027593053528107703,0.0,0.00027593053528107703,0.00027593053528107703,0.00027593053528107703,0.00027593053528107703,0.00027593053528107703,0.0,0.0,0.00027593053528107703
PEX19,0.00027807781589217484,0.0,0.00027807781589217484,0.00027807781589217484,0.0,0.00027807781589217484,0.00027807781589217484,0.00027807781589217484,0.00027807781589217484,0.0,0.00027807781589217484,0.00027807781589217484,0.0,0.00027807781589217484,0.0,0.0
FAS,0.0,0.0,0.00027839027461595833,0.00027839027461595833,0.00027839027461595833,0.00027839027461595833,0.0,0.00027839027461595833,0.00027839027461595833,0.00027839027461595833,0.00027839027461595833,0.00027839027461595833,0.00027839027461595833,0.0,0.0,0.0
SYK,0.0002789347490761429,0.0002789347490761429,0.0002789347490761429,0.0002789347490761429,0.0002789347490761429,0.0002789348072838038,0.0,0.0002789347490761429,0.0,0.0002789347490761429,0.0002789347490761429,0.00027893477817997336,0.0,0.0002789347490761429,0.0,0.0002789347490761429
SMPD1,0.00028660608222708106,0.0,0.00028660608222708106,0.00028660608222708106,0.0,0.00028660608222708106,0.0,0.00028660608222708106,0.0002866061113309115,0.00028660608222708106,0.00028660608222708106,0.00028660608222708106,0.00028660608222708106,0.00028660608222708106,0.0,0.00028660608222708106
DPY30,0.0002878494269680232,0.0002878494269680232,0.0002878494269680232,0.0002878494269680232,0.0002878494269680232,0.0002878494269680232,0.0002878494269680232,0.0,0.0002878494269680232,0.0002878494269680232,0.0002878494269680232,0.0002878494269680232,0.0,0.0002878494269680232,0.0,0.0002878494269680232
BRAF,0.00028850874514319,0.00028850874514319,0.00028850874514319,0.0,0.0,0.00028850874514319,0.0,0.0,0.00028850874514319,0.00028850874514319,0.00028850874514319,0.0,0.00028850874514319,0.00028850874514319,0.0,0.0
MYC,0.00028884460334666073,0.0,0.00028884460334666073,0.0,0.0,0.00028884460334666073,0.00028884460334666073,0.00028884460334666073,0.00028884460334666073,0.0,0.00028884460334666073,0.00028884460334666073,0.00028884460334666073,0.0,0.0,0.00028884460334666073
CKB,0.0,0.0002890118630602956,0.0002890118630602956,0.0002890118630602956,0.0002890118630602956,0.0002890118630602956,0.0,0.0002890118630602956,0.0002890118630602956,0.0,0.0002890117757488042,0.0002890118630602956,0.0,0.0,0.0,0.0002890118630602956
SMARCB1,0.00028968258993700147,0.0,0.0,0.0,0.00028968258993700147,0.000289682560833171,0.00028968258993700147,0.00028968258993700147,0.00028968258993700147,0.0,0.000289682560833171,0.0,0.0,0.00028968258993700147,0.0,0.0
ACVR1B,0.0,0.0,0.00029120102408342063,0.00029120102408342063,0.0,0.00029120102408342063,0.0,0.00029120102408342063,0.00029120102408342063,0.00029120102408342063,0.00029120102408342063,0.0,0.0,0.0,0.00029120102408342063,0.0
PMVK,0.0002919660764746368,0.0,0.0002919660764746368,0.0002919660764746368,0.0002919660764746368,0.00029196610557846725,0.0002919660764746368,0.0002919660764746368,0.0002919660764746368,0.0002919660764746368,0.00029196610557846725,0.0002919660764746368,0.0,0.0,0.0,0.0
PIK3R5,0.0,0.00029222408193163574,0.0002922240528278053,0.0,0.0002922240528278053,0.0002922240528278053,0.0002922240528278053,0.0,0.00029222408193163574,0.0002922240528278053,0.0002922240528278053,0.0002922240528278053,0.0,0.0,0.0,0.0
SERPINE1,0.0,0.0,0.0002929886104539037,0.0002929886104539037,0.0,0.0002929886104539037,0.0,0.0002929886104539037,0.0,0.0,0.0002929886104539037,0.0,0.0,0.0002929886104539037,0.0,0.0002929886104539037
HPS5,0.0,0.0,0.0002954990486614406,0.0002954990486614406,0.0002954990486614406,0.00029549907776527107,0.0002954990486614406,0.0,0.00029549907776527107,0.0002954990486614406,0.0002954990486614406,0.0002954990486614406,0.0,0.0002954990486614406,0.0,0.0
ISG15,0.0,0.0002956738171633333,0.0002956738171633333,0.0002956738171633333,0.0,0.0002956738171633333,0.0,0.0002956738171633333,0.0002956738171633333,0.0002956738171633333,0.0002956738171633333,0.00029567378805950284,0.0,0.0002956738171633333,0.0002956738171633333,0.0
AREG,0.00029647015617229044,0.00029647015617229044,0.00029647015617229044,0.00029647015617229044,0.0,0.00029647015617229044,0.00029647015617229044,0.0,0.00029647015617229044,0.0,0.0002964701852761209,0.00029647015617229044,0.0,0.0,0.00029647015617229044,0.00029647015617229044
CCND1,0.0002981458092108369,0.0,0.0002981458092108369,0.0002981458092108369,0.0,0.00029814583831466734,0.0,0.0002981458092108369,0.0,0.0002981458092108369,0.0002981457218993455,0.0002981458092108369,0.0,0.0002981458092108369,0.0,0.0
GRK6,0.0,0.00029823079239577055,0.00029823079239577055,0.0,0.00029823079239577055,0.00029823079239577055,0.00029823079239577055,0.0,0.0002982307632919401,0.0,0.00029823079239577055,0.00029823079239577055,0.00029823079239577055,0.0,0.0,0.0
PRPF19,0.0002990314969792962,0.0,0.0002990314969792962,0.0,0.0002990314969792962,0.0002990314969792962,0.0,0.0002990314969792962,0.0002990314969792962,0.0,0.0002990314969792962,0.0,0.0002990314969792962,0.0002990314969792962,0.0,0.0
G6PD,0.0,0.0002996591792907566,0.0002996591792907566,0.0002996591792907566,0.0,0.00029965912108309567,0.0,0.0002996591792907566,0.0002996591792907566,0.0002996591792907566,0.0002996591501869261,0.0002996591792907566,0.0002996591792907566,0.0,0.0,0.0
ZNF148,0.0,0.0,0.0003023776225745678,0.0003023776225745678,0.0003023776225745678,0.0003023776225745678,0.0,0.0,0.0003023776225745678,0.0003023776225745678,0.0003023776225745678,0.0003023776225745678,0.0,0.0,0.0,0.0
LIMK1,0.00030542531749233603,0.00030542531749233603,0.00030542531749233603,0.00030542531749233603,0.0,0.0003054253465961665,0.00030542531749233603,0.00030542531749233603,0.00030542531749233603,0.00030542531749233603,0.0003054253465961665,0.0003054253465961665,0.00030542531749233603,0.00030542531749233603,0.00030542531749233603,0.00030542531749233603
MAP3K7,0.000308154005324468,0.0,0.000308154005324468,0.0,0.000308154005324468,0.000308154005324468,0.000308154005324468,0.0,0.000308154005324468,0.0,0.000308154005324468,0.000308154005324468,0.000308154005324468,0.000308154005324468,0.0,0.0
FASTK,0.0,0.00030882161809131503,0.00030882161809131503,0.0,0.00030882161809131503,0.00030882161809131503,0.00030882161809131503,0.0,0.00030882161809131503,0.0,0.00030882161809131503,0.00030882161809131503,0.0,0.00030882161809131503,0.00030882161809131503,0.0
MAP3K6,0.0,0.0,0.0003095921128988266,0.0,0.0,0.0003095921128988266,0.0,0.0003095921128988266,0.0,0.0003095921128988266,0.0003095921128988266,0.0003095921128988266,0.0,0.0,0.0,0.0003095921128988266
MAP2K7,0.0,0.0003115208528470248,0.0003115208528470248,0.0003115208528470248,0.0,0.0003115208528470248,0.0003115208528470248,0.0003115208528470248,0.0003115208528470248,0.0003115208528470248,0.0003115208528470248,0.0,0.0,0.0003115208528470248,0.0,0.0
RRAS,0.0,0.0,0.0003145514347124845,0.0003145514347124845,0.0,0.0003145514347124845,0.0003145514347124845,0.0003145514347124845,0.0003145514347124845,0.0003145514347124845,0.0003145514347124845,0.0003145514347124845,0.0,0.0003145514347124845,0.0,0.0
CXCL2,0.0,0.0003146523085888475,0.0003146523085888475,0.0,0.0,0.00031465227948501706,0.0003146523085888475,0.0,0.0,0.0,0.0003146523085888475,0.0003146523085888475,0.0,0.0,0.0,0.0003146523085888475
SRC,0.0,0.0,0.00032142578857019544,0.00032142578857019544,0.0,0.00032142578857019544,0.0,0.0,0.00032142578857019544,0.0,0.000321425759466365,0.00032142578857019544,0.00032142578857019544,0.0,0.0,0.0
EGFR,0.0,0.0,0.0003217401681467891,0.0003217401681467891,0.0,0.0003217401681467891,0.0,0.0003217401681467891,0.0,0.0003217401681467891,0.00032174019725061953,0.0,0.0,0.0,0.0,0.0
F3,0.0,0.0,0.00032205204479396343,0.00032205204479396343,0.0,0.00032205204479396343,0.0,0.00032205204479396343,0.00032205204479396343,0.00032205204479396343,0.00032205204479396343,0.00032205204479396343,0.00032205204479396343,0.0,0.0,0.0
CXCL12,0.0,0.0,0.00032797217136248946,0.0,0.0,0.000327972142258659,0.0,0.00032797217136248946,0.00032797217136248946,0.00032797217136248946,0.00032797217136248946,0.0,0.00032797217136248946,0.00032797217136248946,0.0,0.0
PTBP1,0.00032936656498350203,0.0,0.0,0.0,0.00032936656498350203,0.00032936656498350203,0.0,0.0,0.00032936656498350203,0.0,0.00032936656498350203,0.00032936656498350203,0.0,0.0,0.0,0.0
FILIP1L,0.0,0.0,0.0003298030060250312,0.0003298030060250312,0.0,0.0003298030060250312,0.0003298030060250312,0.0003298030060250312,0.0003298030060250312,0.0003298030060250312,0.0003298030060250312,0.0003298030060250312,0.0003298030060250312,0.0,0.0,0.0003298030060250312
AXL,0.0003317744703963399,0.0,0.0003317744703963399,0.0,0.0003317744703963399,0.00033177444129250944,0.0,0.0003317744703963399,0.0003317744703963399,0.0003317744703963399,0.0003317744703963399,0.0003317744703963399,0.0003317744703963399,0.0,0.0,0.0003317744703963399
TP53,0.00033420862746424973,0.0,0.00033420862746424973,0.0,0.00033420862746424973,0.00033420862746424973,0.0,0.0,0.00033420862746424973,0.00033420862746424973,0.00033420862746424973,0.00033420862746424973,0.00033420862746424973,0.00033420862746424973,0.0,0.0
ACLY,0.0,0.0003466076450422406,0.0,0.0,0.0,0.0003466076450422406,0.0003466076450422406,0.0,0.0003466076450422406,0.0003466076450422406,0.0003466076450422406,0.0003466076450422406,0.0,0.0,0.0,0.0003466076450422406
PAK4,0.0,0.0,0.0003696687344927341,0.0003696687344927341,0.0,0.0003696687344927341,0.0003696687344927341,0.0,0.0003696687344927341,0.0003696687344927341,0.0003696687344927341,0.0,0.0,0.0003696687344927341,0.0,0.0
GADD45A,0.0003698085492942482,0.0,0.0003698085492942482,0.0003698085492942482,0.0003698085492942482,0.0003698085492942482,0.0003698085492942482,0.0,0.0003698085492942482,0.0003698085492942482,0.0003698085492942482,0.0003698085492942482,0.0003698085492942482,0.0,0.0,0.0
CSF1,0.0,0.0003700836095958948,0.0003700836095958948,0.0,0.0,0.0003700836095958948,0.0,0.0,0.0003700836095958948,0.0003700836095958948,0.0003700836095958948,0.0,0.0,0.0,0.0003700836095958948,0.0
IGFBP2,0.00037550117122009397,0.0,0.00037550117122009397,0.0,0.0,0.00037550117122009397,0.0,0.0003755012003239244,0.00037550117122009397,0.00037550117122009397,0.0003755011421162635,0.0003755011421162635,0.00037550117122009397,0.0,0.0,0.00037550117122009397
SIRT1,0.0,0.00038006616523489356,0.0003800661361310631,0.0,0.00038006616523489356,0.00038006616523489356,0.0,0.0,0.00038006616523489356,0.00038006616523489356,0.00038006616523489356,0.0,0.0,0.0,0.0,0.0
HRAS,0.0,0.0,0.0,0.0,0.0,0.00038093028706498444,0.0,0.00038093028706498444,0.00038093028706498444,0.0,0.00038093028706498444,0.00038093028706498444,0.0,0.0,0.0,0.0
ID4,0.0,0.0,0.0003819563426077366,0.0003819563426077366,0.0,0.0003819563426077366,0.0003819563426077366,0.0003819563426077366,0.0,0.0003819563426077366,0.0003819563426077366,0.0003819563426077366,0.0003819563426077366,0.0,0.0,0.0003819563426077366
ALOX15B,0.0,0.0003834188391920179,0.0003834188391920179,0.0003834188391920179,0.0,0.0003834188391920179,0.0,0.0,0.0,0.0,0.0003834188973996788,0.0003834188391920179,0.0,0.0,0.0,0.0
SRSF1,0.00038923980901017785,0.0,0.0,0.0,0.00038923980901017785,0.00038923980901017785,0.0,0.00038923980901017785,0.00038923980901017785,0.00038923980901017785,0.0003892398381140083,0.00038923980901017785,0.0,0.0,0.0,0.0
CSF2RB,0.00039633826236240566,0.00039633826236240566,0.00039633826236240566,0.00039633826236240566,0.0,0.0003963382332585752,0.0,0.00039633826236240566,0.00039633826236240566,0.00039633826236240566,0.00039633826236240566,0.00039633826236240566,0.0,0.00039633826236240566,0.00039633826236240566,0.00039633826236240566
PIGF,0.0,0.0,0.0,0.0,0.00040013735997490585,0.00040013735997490585,0.0,0.00040013735997490585,0.00040013735997490585,0.0,0.00040013735997490585,0.0,0.0,0.0,0.00040013735997490585,0.0
DDB2,0.0,0.0,0.0,0.0,0.0,0.0,0.0,0.00040697905933484435,0.00040697905933484435,0.0,0.0004069790302310139,0.0,0.00040697905933484435,0.0,0.0,0.00040697905933484435
PDPK1,0.00042550271609798074,0.0,0.00042550271609798074,0.0,0.0,0.0004255026869941503,0.0,0.0,0.0004255027452018112,0.00042550271609798074,0.00042550271609798074,0.00042550271609798074,0.0,0.00042550271609798074,0.00042550271609798074,0.00042550271609798074
IL18,0.0,0.0004299006250221282,0.0,0.0,0.0,0.0004299006541259587,0.0,0.0,0.0,0.0004299006250221282,0.0004299006250221282,0.0004299006250221282,0.0,0.0,0.0,0.0004299006250221282
TGFB1I1,0.0,0.0,0.00043363176519051194,0.0,0.0,0.00043363176519051194,0.0,0.00043363176519051194,0.0,0.00043363176519051194,0.00043363176519051194,0.0,0.00043363176519051194,0.0,0.00043363176519051194,0.00043363176519051194
PIAS4,0.0,0.0,0.0004387599474284798,0.0,0.0,0.0004387599474284798,0.0,0.0004387599474284798,0.0004387599474284798,0.0,0.0004387599474284798,0.0004387599474284798,0.0,0.0,0.0,0.0
ABI3,0.0,0.0,0.00043934633140452206,0.00043934633140452206,0.0,0.00043934633140452206,0.0,0.00043934633140452206,0.00043934633140452206,0.00043934633140452206,0.0,0.00043934633140452206,0.0,0.00043934633140452206,0.0,0.0
ICAM3,0.00044226759928278625,0.00044226759928278625,0.00044226759928278625,0.0,0.00044226759928278625,0.00044226759928278625,0.00044226759928278625,0.0,0.0004422675119712949,0.0,0.00044226759928278625,0.0,0.0,0.0,0.00044226759928278625,0.0
PLAU,0.0,0.0,0.00044343178160488605,0.00044343178160488605,0.0,0.00044343163608573377,0.0,0.00044343178160488605,0.0,0.00044343178160488605,0.00044343178160488605,0.00044343178160488605,0.00044343178160488605,0.0,0.00044343178160488605,0.0
ANGPT1,0.0,0.0,0.0004474128654692322,0.0,0.0,0.0,0.0,0.0004474128072615713,0.0,0.0,0.0,0.0004474128072615713,0.0004474128072615713,0.0004474128072615713,0.0,0.0004474128072615713
TRIM28,0.0,0.0,0.00044900234206579626,0.0,0.0,0.00044900234206579626,0.0,0.0,0.00044900234206579626,0.0,0.00044900234206579626,0.00044900234206579626,0.0,0.0,0.00044900234206579626,0.0
RABGGTA,0.00045533827506005764,0.0,0.0,0.0,0.0,0.00045533827506005764,0.0,0.00045533827506005764,0.00045533827506005764,0.00045533827506005764,0.00045533827506005764,0.0,0.0,0.0,0.0,0.0
ITGA2,0.0004557626380119473,0.0,0.0004557626380119473,0.0,0.0,0.0,0.0,0.0,0.0004557626380119473,0.0004557626380119473,0.0004557626380119473,0.0004557626380119473,0.0004557626380119473,0.0004557626380119473,0.0,0.0004557626380119473
GDF15,0.0,0.0,0.00045596915879286826,0.00045596915879286826,0.0,0.00045596915879286826,0.0,0.0,0.0,0.0,0.00045596910058520734,0.0,0.0,0.0,0.0,0.00045596915879286826
SEMA3F,0.0,0.0,0.0,0.00046165857929736376,0.0,0.0,0.0,0.0,0.0,0.00046165857929736376,0.00046165857929736376,0.0,0.0,0.00046165857929736376,0.0,0.0
HK3,0.0,0.00046315317740663886,0.0,0.0004631531483028084,0.0,0.00046315317740663886,0.0004631531483028084,0.0004631531483028084,0.0004631531483028084,0.0004631531483028084,0.0004631531483028084,0.00046315317740663886,0.0004631531483028084,0.0004631531483028084,0.0,0.0
PDZD2,0.0,0.0,0.0004723389574792236,0.0,0.0,0.0004723389574792236,0.0,0.0004723389574792236,0.0,0.0004723389574792236,0.0004723389574792236,0.0004723389574792236,0.0,0.0004723389574792236,0.0,0.0
CCL5,0.0,0.0,0.0004784504708368331,0.0,0.0004784504708368331,0.0004784504708368331,0.00047845052904449403,0.0004784504708368331,0.0004784504999406636,0.0004784504708368331,0.0004784504708368331,0.0004784504708368331,0.0,0.0,0.0,0.0
PPM1D,0.0,0.0,0.0,0.0,0.0,0.00047912588343024254,0.0,0.00047912588343024254,0.00047912588343024254,0.00047912588343024254,0.00047912588343024254,0.00047912588343024254,0.0,0.0,0.0,0.0
UBTD1,0.0,0.0,0.0,0.00048027068260125816,0.0,0.00048027068260125816,0.0,0.00048027068260125816,0.0,0.00048027068260125816,0.00048027068260125816,0.00048027068260125816,0.0,0.00048027068260125816,0.0,0.0
TACC3,0.0,0.00048075689119286835,0.00048075689119286835,0.0,0.0,0.00048075689119286835,0.00048075689119286835,0.0,0.00048075689119286835,0.0,0.00048075689119286835,0.00048075689119286835,0.0,0.0,0.0,0.0
MVK,0.0,0.0,0.0004942770465277135,0.0,0.0,0.0004942770465277135,0.0,0.0,0.0,0.0,0.0004942770465277135,0.0004942770465277135,0.0,0.0,0.0,0.0004942770465277135
SOX5,0.0,0.0,0.0004979772493243217,0.0004979772493243217,0.0,0.0004979772493243217,0.0,0.0004979772493243217,0.0,0.0,0.0004979772493243217,0.0004979772493243217,0.0,0.0,0.0,0.0004979772493243217
SFN,0.0,0.0,0.0,0.0005207996000535786,0.0,0.0,0.0,0.0,0.0,0.0,0.0005207996582612395,0.0,0.0,0.0,0.0,0.0
IGF1,0.0,0.0,0.0005232621333561838,0.0,0.0,0.0005232621333561838,0.0,0.0,0.0,0.0,0.0005232621333561838,0.0005232621333561838,0.0005232621333561838,0.0,0.0,0.0005232621333561838
STK32C,0.0,0.0,0.000544027250725776,0.0,0.0,0.000544027250725776,0.0,0.000544027250725776,0.000544027250725776,0.000544027250725776,0.000544027250725776,0.0,0.0,0.0,0.0,0.0
CDKN2D,0.0,0.0005452238256111741,0.0005452238256111741,0.0005452238256111741,0.0005452238256111741,0.0005452238256111741,0.0005452238256111741,0.0005452238256111741,0.0005452237674035132,0.0,0.0,0.0005452238256111741,0.0,0.0,0.0005452238256111741,0.0
CCL2,0.0,0.0,0.0005497155361808836,0.0,0.0,0.0005497155361808836,0.0005497155361808836,0.0,0.0,0.0005497155361808836,0.0005497155361808836,0.0005497155361808836,0.0005497155361808836,0.0005497155361808836,0.0,0.0
GEM,0.0,0.0,0.0005509300972335041,0.0005509300972335041,0.0,0.0,0.0005509300972335041,0.0005509300972335041,0.0,0.0,0.0005509300972335041,0.0005509300972335041,0.0005509300972335041,0.0,0.0,0.0005509300972335041
FGF7,0.0,0.0,0.0005611413507722318,0.0,0.0005611412925645709,0.0005611412925645709,0.0,0.0,0.0,0.0,0.0005611412925645709,0.0005611412925645709,0.0005611412925645709,0.0,0.0,0.0005611412925645709
CRYAB,0.0005617649876512587,0.0,0.0005617649876512587,0.0005617649876512587,0.0,0.0005617649876512587,0.0,0.0005617649876512587,0.0005617649876512587,0.0,0.0005617649876512587,0.0005617649876512587,0.0005617649876512587,0.0005617649876512587,0.0,0.0005617649876512587
CYP1B1,0.0,0.0005916749942116439,0.0005916749942116439,0.0,0.0,0.0005916749942116439,0.0,0.0,0.0,0.0,0.0005916749942116439,0.0,0.0,0.0,0.0,0.0
HGF,0.0,0.0,0.0005923917633481324,0.0,0.0,0.0005923917633481324,0.0,0.0005923917633481324,0.0,0.0005923917633481324,0.0,0.0,0.0,0.0,0.0,0.0
PTGER2,0.0,0.0005952033097855747,0.0005952033097855747,0.0,0.0,0.0005952033097855747,0.0005952033097855747,0.0005952033097855747,0.0005952033097855747,0.0,0.0,0.0005952033097855747,0.0,0.0,0.0,0.0
CDKN2AIP,0.0006009202334098518,0.0,0.0006009202334098518,0.0,0.0,0.0006009202334098518,0.0,0.0,0.0006009202334098518,0.0,0.0006009202334098518,0.0006009202334098518,0.0,0.0,0.0,0.0
ANGPTL4,0.0,0.0,0.0,0.0,0.0,0.0,0.0,0.0,0.0,0.0,0.0006172471330501139,0.0006172471330501139,0.0006172471330501139,0.0,0.0,0.0006172471330501139
CDK18,0.0,0.0,0.0006226144614629447,0.0,0.0,0.0006226144614629447,0.0,0.0006226144614629447,0.0006226144614629447,0.0,0.0,0.0006226144614629447,0.0,0.0,0.0,0.0
IGFBP6,0.0,0.0,0.0006226261612027884,0.0006226261612027884,0.0,0.0,0.0,0.0,0.0006226261612027884,0.0,0.0006226261029951274,0.0,0.0006226261612027884,0.0,0.0,0.0
SORBS2,0.0,0.0,0.0,0.0,0.0,0.0,0.0,0.0006245666882023215,0.0,0.0006245666882023215,0.0006245666882023215,0.0006245666882023215,0.0,0.0,0.0,0.0
ADCK5,0.0,0.0,0.0,0.0,0.0,0.000636087148450315,0.0,0.000636087148450315,0.000636087148450315,0.0,0.000636087148450315,0.0,0.0,0.0,0.0,0.0
KITLG,0.0,0.0,0.0006360918050631881,0.0006360918050631881,0.0,0.0006360918050631881,0.0,0.0,0.0,0.0,0.0006360918050631881,0.0,0.0,0.0006360918050631881,0.0,0.0006360918050631881
PLAT,0.0,0.0,0.0006393504445441067,0.0,0.0,0.0,0.0,0.0006393504445441067,0.0006393504445441067,0.0,0.0,0.0,0.0,0.0006393504445441067,0.0006393504445441067,0.0
FBXO31,0.0,0.0,0.0,0.0,0.0,0.0006446996121667325,0.0,0.0,0.0006446996121667325,0.0,0.0006446996121667325,0.0,0.0,0.0006446996121667325,0.0,0.0006446996121667325
EHF,0.0,0.0,0.0,0.0,0.0,0.0006451199878938496,0.0,0.0,0.0,0.0006451199878938496,0.0006451199878938496,0.0006451199878938496,0.0,0.0,0.0,0.0
ANG,0.0,0.0,0.0006591493729501963,0.0,0.0,0.0006591493729501963,0.0,0.0,0.0,0.0,0.0006591493729501963,0.0,0.0,0.0006591493729501963,0.0,0.0
BMP2,0.0,0.0,0.0006617700564675033,0.0,0.0,0.0,0.0,0.0006617700564675033,0.0,0.0,0.0006617700564675033,0.0,0.0,0.0,0.0,0.0
CXCL3,0.0,0.0,0.0,0.0,0.0,0.000665290339384228,0.0,0.0,0.0,0.0,0.000665290339384228,0.000665290339384228,0.0,0.0,0.0,0.0
MATK,0.0,0.0,0.0,0.0,0.0,0.0006653063464909792,0.0006653063464909792,0.0,0.0006653063464909792,0.0006653063464909792,0.0,0.0006653063464909792,0.0,0.0006653063464909792,0.0006653063464909792,0.0
WNT2,0.0,0.0,0.0006688671419396996,0.0,0.0,0.0,0.0,0.0006688672001473606,0.0,0.0,0.0006688672001473606,0.0,0.0006688672001473606,0.0,0.0,0.0
PDIK1L,0.0006802151910960674,0.0006802151910960674,0.0006802151910960674,0.0006802151910960674,0.0,0.0006802151910960674,0.0006802151910960674,0.0006802151910960674,0.0,0.0006802151910960674,0.0006802151910960674,0.0,0.0,0.0,0.0,0.0
CDKN1C,0.0,0.0,0.0006802306161262095,0.0,0.0,0.0006802306161262095,0.0,0.0,0.0,0.0006802306161262095,0.0006802306161262095,0.0,0.0,0.0,0.0,0.0006802306161262095
EDN1,0.0,0.0,0.000680699769873172,0.0,0.0,0.000680699769873172,0.0,0.000680699769873172,0.000680699769873172,0.000680699769873172,0.000680699769873172,0.0,0.0,0.0,0.0,0.0
TLR3,0.0,0.0,0.0007193709607236087,0.0007193709607236087,0.0,0.0007193709607236087,0.0,0.0,0.0,0.0007193709607236087,0.0007193709607236087,0.0,0.0,0.0007193709607236087,0.0,0.0
CDKN2B,0.0,0.0,0.0,0.0007277574623003602,0.0,0.0007277574623003602,0.0,0.0,0.0,0.0,0.0007277574623003602,0.0007277574623003602,0.0,0.0,0.0,0.0
MAPK12,0.0,0.0,0.0007484740926884115,0.0,0.0,0.0007484740926884115,0.0,0.0007484740926884115,0.0007484740926884115,0.0007484740926884115,0.0007484740926884115,0.0,0.0,0.0007484740926884115,0.0007484740926884115,0.0
CDK6,0.0,0.0,0.0,0.0,0.0,0.0007644803845323622,0.0007644803845323622,0.0007644803845323622,0.0,0.0007644803845323622,0.0007644803845323622,0.0,0.0,0.0,0.0,0.0
IRF5,0.0,0.000769763661082834,0.0,0.0,0.0,0.000769763661082834,0.0,0.0,0.0,0.000769763661082834,0.000769763661082834,0.000769763661082834,0.0,0.0,0.0,0.0
ALDH1A3,0.0007861090125516057,0.0,0.0007861090125516057,0.0007861090125516057,0.0,0.0007861090125516057,0.0,0.0007861090125516057,0.0007861090125516057,0.0,0.0007861090125516057,0.0,0.0007861090707592666,0.0,0.0,0.0
TSPYL5,0.0,0.0,0.0,0.0,0.0,0.0,0.0,0.0,0.0007923291414044797,0.0007923291414044797,0.0007923291414044797,0.0,0.0,0.0,0.0,0.0
PAPPA,0.0,0.0,0.0008339713676832616,0.0,0.0,0.0,0.0,0.0,0.0,0.0,0.0,0.0008339713676832616,0.0,0.0,0.0,0.0
ING1,0.0008459554519504309,0.0,0.0,0.0,0.0,0.0008459554519504309,0.0,0.0,0.0008459554519504309,0.0,0.0008459554519504309,0.0008459554519504309,0.0,0.0008459554519504309,0.0,0.0
VEGFC,0.0,0.0,0.0008597992709837854,0.0,0.0,0.0,0.0,0.0,0.0008597992709837854,0.0008597992709837854,0.0,0.0,0.0,0.0,0.0,0.0
NDN,0.0,0.0,0.000864235800690949,0.000864235800690949,0.0,0.0,0.0,0.0008642358588986099,0.0,0.0,0.000864235800690949,0.0,0.000864235800690949,0.0,0.0,0.0
IGFBP3,0.0,0.0,0.0008817866910248995,0.0,0.0,0.0,0.0008817866910248995,0.0,0.0008817866910248995,0.0008817866910248995,0.0008817866910248995,0.0,0.0008817866910248995,0.0,0.0,0.0
CCL4,0.0,0.0,0.000943363644182682,0.0,0.0,0.000943363644182682,0.0,0.0,0.0,0.0,0.0,0.000943363644182682,0.0,0.0,0.0,0.0
EREG,0.0,0.0009910289663821459,0.0,0.0009910289663821459,0.0,0.0,0.0,0.0,0.0,0.0,0.0009910289663821459,0.0009910289663821459,0.0,0.0,0.0,0.0
FGF2,0.0,0.0,0.0,0.0,0.001004974590614438,0.0,0.0,0.0,0.0,0.0,0.001004974590614438,0.0,0.0,0.0,0.0,0.001004974590614438
SPP1,0.0,0.0,0.0011285761138424277,0.0011285761138424277,0.0,0.0011285763466730714,0.0,0.0,0.0,0.0,0.0,0.0011285761138424277,0.0,0.0,0.0011285761138424277,0.0
HSPA2,0.0,0.0,0.0011388832936063409,0.0011388832936063409,0.0,0.0,0.0,0.0011388832936063409,0.0,0.0,0.0011388832936063409,0.0011388832936063409,0.0,0.0,0.0,0.0
BMP6,0.0011415176559239626,0.0,0.0,0.0,0.0,0.0,0.0,0.0,0.0011415176559239626,0.0011415176559239626,0.0011415176559239626,0.0011415176559239626,0.0,0.0,0.0,0.0
CCL13,0.0,0.0,0.0,0.0,0.0,0.0011427755234763026,0.0,0.0,0.0,0.0,0.0011427754070609808,0.0011427754070609808,0.0,0.0,0.0,0.0
TNFRSF10C,0.0,0.0011586466571316123,0.0,0.0011586466571316123,0.0,0.0,0.0,0.0011586466571316123,0.0011586466571316123,0.0,0.0011586466571316123,0.0,0.0,0.0,0.0,0.0
IL6,0.0,0.0,0.0,0.0,0.0,0.001161382533609867,0.0,0.001161382533609867,0.0,0.0,0.0,0.0,0.001161382533609867,0.0,0.0,0.0
MAP2K6,0.0,0.0,0.0,0.0,0.0,0.0,0.00116273807361722,0.0,0.00116273807361722,0.0,0.00116273807361722,0.0,0.0,0.0,0.0,0.0
IGSF3,0.0,0.0,0.001169490860775113,0.0,0.0,0.0,0.0,0.0,0.0,0.0,0.001169490860775113,0.0,0.0,0.0,0.0,0.0
IL15,0.0,0.0,0.0,0.0,0.0,0.0011946740560233593,0.0,0.0,0.0,0.0,0.0,0.0,0.0,0.0,0.0,0.0
IL7,0.0,0.0,0.0,0.0,0.0,0.0012483387254178524,0.0,0.0,0.0,0.0,0.0012483387254178524,0.0,0.0,0.0,0.0,0.0
CBX8,0.0,0.0,0.0,0.0,0.0,0.0012902147136628628,0.0,0.0,0.0012902147136628628,0.0,0.0012902147136628628,0.0,0.0,0.0,0.0,0.0
CXCL14,0.0012969367671757936,0.0,0.0,0.0,0.0,0.0,0.0,0.0,0.0,0.0,0.0012969367671757936,0.0012969367671757936,0.0,0.0,0.0,0.0012969367671757936
SERPINE2,0.001296938513405621,0.0,0.001296938513405621,0.0,0.0,0.0,0.0,0.0,0.001296938513405621,0.0,0.001296938513405621,0.0,0.0,0.0,0.0,0.0
E2F1,0.0,0.0,0.001345789642073214,0.0,0.0,0.0,0.0,0.0,0.0,0.0,0.001345789642073214,0.001345789642073214,0.0,0.0,0.0,0.0
CXCL1,0.0,0.0,0.0013811446260660887,0.0,0.0,0.0013811446260660887,0.0,0.0,0.0,0.0,0.0013811446260660887,0.0,0.0,0.0,0.0,0.0
PTTG1,0.0013887706445530057,0.0,0.0,0.0,0.0,0.0013887706445530057,0.0013887706445530057,0.0,0.0013887706445530057,0.0,0.0,0.0013887706445530057,0.0,0.0,0.0,0.0
NRG1,0.0,0.0,0.0015173314604908228,0.0,0.0,0.0,0.0,0.0,0.0,0.0,0.0015173314604908228,0.0,0.0,0.0,0.0,0.0015173314604908228
CCL24,0.0,0.0,0.0,0.0,0.0,0.0017635872354730964,0.0,0.0,0.0,0.0,0.0017635872354730964,0.0017635872354730964,0.0,0.0,0.0,0.0
EOMES,0.0,0.0,0.0,0.0,0.0,0.0,0.0018148466479033232,0.0,0.0018148466479033232,0.0,0.0,0.0,0.0,0.0,0.0,0.0
CXCL8,0.0,0.0,0.0,0.0,0.0,0.0018938429420813918,0.0,0.0,0.0018938429420813918,0.0,0.0018938429420813918,0.0,0.0,0.0,0.0018938429420813918,0.0
NMUR1,0.0,0.0,0.0019083580700680614,0.0,0.0,0.0,0.0,0.0,0.0019083580700680614,0.0019083580700680614,0.0,0.0,0.0,0.0,0.0,0.0
PTGDR,0.0,0.0,0.0,0.0,0.0,0.0,0.0019120174692943692,0.0,0.0019120174692943692,0.0,0.0,0.0,0.0,0.0,0.0,0.0
IL10,0.0,0.0,0.0,0.0,0.0,0.0019266606541350484,0.0,0.0,0.0,0.0,0.0019266606541350484,0.0,0.0,0.0,0.0,0.0
PGF,0.0,0.0,0.0,0.0,0.0,0.0,0.002024176763370633,0.002024176763370633,0.0,0.0,0.0,0.0,0.002024176763370633,0.0,0.0,0.0
TFAP4,0.0,0.0,0.0,0.0,0.0,0.002091884845867753,0.002091884845867753,0.0,0.0,0.002091884845867753,0.0,0.0,0.0,0.002091884845867753,0.0,0.0
EIF2S2,0.0,0.0,0.0,0.0,0.0,0.0,0.0,0.0,0.0,0.0,0.0022828474175184965,0.0022828474175184965,0.0,0.0,0.0,0.0
CXCR2,0.0,0.002427053637802601,0.0,0.0,0.0,0.0,0.0,0.002427053637802601,0.002427053637802601,0.0,0.0,0.0,0.0,0.0,0.0,0.0
IL1B,0.0,0.0,0.0,0.0,0.0,0.0024750821758061647,0.0,0.0,0.0024750821758061647,0.0,0.0,0.0024750821758061647,0.0,0.0,0.0,0.0
NCR1,0.0,0.0,0.0,0.0,0.0,0.0,0.002583938417956233,0.0,0.0,0.002583938417956233,0.0,0.0,0.0,0.0,0.0,0.0
KLRF1,0.0,0.0,0.0,0.0,0.0,0.0,0.0025973424781113863,0.0,0.0,0.0,0.0025973424781113863,0.0,0.0,0.0,0.0,0.0
FASLG,0.0,0.0,0.0,0.0,0.0,0.0,0.0028010413516312838,0.0,0.002801041817292571,0.0,0.0,0.0,0.0,0.0,0.0,0.0
CXCL10,0.002923877676948905,0.0,0.0,0.0,0.0,0.002923877676948905,0.0,0.0,0.0,0.0,0.002923877676948905,0.0,0.0,0.0,0.0,0.0
MMP1,0.0,0.0,0.0,0.0,0.0,0.0029938193038105965,0.0,0.0,0.0,0.0,0.0029938193038105965,0.0,0.0,0.0,0.0,0.0
TNFRSF11B,0.0,0.0,0.0,0.0,0.0,0.0,0.0,0.0,0.0,0.0,0.0,0.0,0.0,0.0,0.0,0.003011898836120963
PROX1,0.0,0.0,0.0,0.0,0.0,0.0032153192441910505,0.0,0.0,0.0,0.0,0.0032153192441910505,0.0,0.0,0.0,0.0,0.0
TP63,0.0,0.0,0.0,0.0,0.0,0.0032256199046969414,0.0,0.0,0.0,0.0,0.0032256199046969414,0.0,0.0,0.0032256199046969414,0.0,0.0
MMP9,0.0,0.00328935612924397,0.0,0.0,0.0,0.00328935612924397,0.0,0.0,0.0,0.0,0.00328935612924397,0.00328935612924397,0.0,0.00328935612924397,0.0,0.0
EGF,0.0,0.0,0.0,0.0,0.0,0.0,0.0,0.0,0.0,0.0,0.003400940215215087,0.0,0.0,0.0,0.0,0.0
CCL3,0.0,0.0,0.0,0.0,0.0,0.0035970043390989304,0.0,0.0035970043390989304,0.0,0.0,0.0,0.0,0.0,0.0,0.0,0.0
PTGES,0.0,0.0,0.0036097937263548374,0.0,0.0,0.0,0.0,0.0,0.0,0.0,0.0036097937263548374,0.0,0.0,0.0,0.0,0.0
CDKN2A,0.0,0.0,0.0,0.0,0.0,0.0,0.0,0.0,0.003983697388321161,0.0,0.003983697388321161,0.0,0.0,0.0,0.0,0.0
BLK,0.00427345372736454,0.0,0.0,0.0,0.00427345372736454,0.0,0.00427345372736454,0.0,0.0,0.00427345372736454,0.0,0.0,0.0,0.0,0.0,0.0
CCL20,0.0,0.0,0.0051279328763484955,0.0,0.0,0.0051279328763484955,0.0,0.0,0.0051279328763484955,0.0,0.0,0.0,0.0,0.0,0.0,0.0
SLC13A3,0.0,0.0,0.0,0.0,0.0,0.0,0.0,0.0,0.0,0.0,0.005434258375316858,0.0,0.0,0.0,0.0,0.0
TNF,0.0,0.0,0.0,0.0,0.0,0.0,0.0,0.0,0.006849013268947601,0.0,0.0,0.0,0.0,0.0,0.0,0.0
IL1A,0.0,0.0,0.0,0.0,0.0,0.0,0.0,0.0,0.007935825735330582,0.0,0.0,0.0,0.0,0.0,0.0,0.0
CCL7,0.0,0.0,0.0,0.0,0.0,0.008694503456354141,0.0,0.0,0.0,0.0,0.0,0.0,0.0,0.0,0.0,0.0
RBP2,0.0,0.0,0.0,0.009007124230265617,0.0,0.0,0.0,0.0,0.0,0.0,0.0,0.0,0.0,0.0,0.0,0.0
KRT72,0.0,0.0,0.0,0.0,0.0,0.0,0.0,0.0,0.010752670466899872,0.0,0.0,0.0,0.0,0.0,0.0,0.0
IL2,0.0,0.0,0.0,0.0,0.0,0.0,0.017856674268841743,0.0,0.017856674268841743,0.0,0.0,0.0,0.0,0.0,0.0,0.0
KRT73,0.0,0.0,0.0,0.0,0.0,0.0,0.0,0.0,0.02564098872244358,0.0,0.0,0.0,0.0,0.0,0.0,0.0
MMP12,0.0,0.0,0.0,0.0,0.0,0.029410427436232567,0.0,0.0,0.0,0.0,0.0,0.0,0.0,0.0,0.0,0.0
IL13,0.0,0.0,0.0,0.05882326513528824,0.0,0.0,0.0,0.0,0.0,0.0,0.0,0.0,0.0,0.0,0.0,0.0
SLC10A2,0.0,0.0,0.06666035950183868,0.0,0.0,0.0,0.0,0.0,0.0,0.0,0.0,0.0,0.0,0.0,0.0,0.0
KRTAP10-2,0.0,0.0,0.07692280411720276,0.0,0.0,0.0,0.0,0.0,0.0,0.0,0.0,0.0,0.0,0.0,0.0,0.0
OPRD1,0.0,0.0,0.0,0.0,0.0,0.0,0.0,0.09088556468486786,0.0,0.0,0.0,0.0,0.0,0.0,0.0,0.0
OPRD1,0.0,0.0,0.0,0.0,0.0,0.0,0.0,0.09088556468486786,0.0,0.0,0.0,0.0,0.0,0.0,0.0,0.0
OPRD1,0.0,0.0,0.0,0.0,0.0,0.0,0.0,0.09088556468486786,0.0,0.0,0.0,0.0,0.0,0.0,0.0,0.0
C1QL2,0.0,0.0,0.09089682251214981,0.0,0.0,0.0,0.0,0.0,0.0,0.0,0.09089682251214981,0.0,0.0,0.0,0.0,0.0
C1QL2,0.0,0.0,0.09089682251214981,0.0,0.0,0.0,0.0,0.0,0.0,0.0,0.09089682251214981,0.0,0.0,0.0,0.0,0.0
ARID3C,0.0,0.0,0.0,0.0,0.0,0.0,0.0,0.0,0.09090834110975266,0.0,0.0,0.0,0.0,0.0,0.0,0.0
CDH12,0.0,0.0,0.0,0.0,0.0,0.09090861678123474,0.0,0.0,0.0,0.0,0.0,0.0,0.0,0.0,0.0,0.0
CDH12,0.0,0.0,0.0,0.0,0.0,0.09090861678123474,0.0,0.0,0.0,0.0,0.0,0.0,0.0,0.0,0.0,0.0
TEX36,0.0,0.0,0.0,0.0,0.0,0.0,0.0,0.0,0.0,0.0,0.0,0.09090861678123474,0.0,0.0,0.0,0.0
TCL1B,0.0,0.0,0.0,0.0,0.09090892970561981,0.0,0.0,0.0,0.0,0.0,0.0,0.0,0.0,0.0,0.0,0.0
TCL1B,0.0,0.0,0.0,0.0,0.09090892970561981,0.0,0.0,0.0,0.0,0.0,0.0,0.0,0.0,0.0,0.0,0.0
NXPE1,0.0,0.0,0.0,0.0,0.0,0.0,0.0,0.0,0.0,0.09090909361839294,0.0,0.0,0.0,0.0,0.0,0.0
NXPE1,0.0,0.0,0.0,0.0,0.0,0.0,0.0,0.0,0.0,0.09090909361839294,0.0,0.0,0.0,0.0,0.0,0.0
NXPE1,0.0,0.0,0.0,0.0,0.0,0.0,0.0,0.0,0.0,0.09090909361839294,0.0,0.0,0.0,0.0,0.0,0.0
LPO,0.09995818138122559,0.0,0.0,0.0,0.0,0.0,0.0,0.0,0.0,0.0,0.0,0.0,0.0,0.0,0.0,0.0
LIX1,0.0,0.0,0.0,0.0,0.0,0.0,0.0,0.0,0.0,0.0,0.0,0.09998545795679092,0.0,0.0,0.0,0.0
LIX1,0.0,0.0,0.0,0.0,0.0,0.0,0.0,0.0,0.0,0.0,0.0,0.09998545795679092,0.0,0.0,0.0,0.0
LIX1,0.0,0.0,0.0,0.0,0.0,0.0,0.0,0.0,0.0,0.0,0.0,0.09998545795679092,0.0,0.0,0.0,0.0
OPRK1,0.0,0.0,0.0,0.0,0.0,0.0,0.0,0.0,0.0,0.0,0.0999855324625969,0.0,0.0,0.0,0.0,0.0
OPRK1,0.0,0.0,0.0,0.0,0.0,0.0,0.0,0.0,0.0,0.0,0.0999855324625969,0.0,0.0,0.0,0.0,0.0
OPRK1,0.0,0.0,0.0,0.0,0.0,0.0,0.0,0.0,0.0,0.0,0.0999855324625969,0.0,0.0,0.0,0.0,0.0
RIPPLY1,0.0,0.0,0.0,0.0,0.0,0.0,0.0,0.0,0.0,0.0,0.0999998077750206,0.0,0.0,0.0,0.0,0.0
RIPPLY1,0.0,0.0,0.0,0.0,0.0,0.0,0.0,0.0,0.0,0.0,0.0999998077750206,0.0,0.0,0.0,0.0,0.0
RIPPLY1,0.0,0.0,0.0,0.0,0.0,0.0,0.0,0.0,0.0,0.0,0.0999998077750206,0.0,0.0,0.0,0.0,0.0
OPRK1,0.0,0.0,0.0,0.0,0.0,0.0,0.0,0.0,0.0,0.0,0.0999855324625969,0.0,0.0,0.0,0.0,0.0
LIX1,0.0,0.0,0.0,0.0,0.0,0.0,0.0,0.0,0.0,0.0,0.0,0.09998545795679092,0.0,0.0,0.0,0.0
LPO,0.09995818138122559,0.0,0.0,0.0,0.0,0.0,0.0,0.0,0.0,0.0,0.0,0.0,0.0,0.0,0.0,0.0
NXPE1,0.0,0.0,0.0,0.0,0.0,0.0,0.0,0.0,0.0,0.09090909361839294,0.0,0.0,0.0,0.0,0.0,0.0
TCL1B,0.0,0.0,0.0,0.0,0.09090892970561981,0.0,0.0,0.0,0.0,0.0,0.0,0.0,0.0,0.0,0.0,0.0
TEX36,0.0,0.0,0.0,0.0,0.0,0.0,0.0,0.0,0.0,0.0,0.0,0.09090861678123474,0.0,0.0,0.0,0.0
CDH12,0.0,0.0,0.0,0.0,0.0,0.09090861678123474,0.0,0.0,0.0,0.0,0.0,0.0,0.0,0.0,0.0,0.0
ARID3C,0.0,0.0,0.0,0.0,0.0,0.0,0.0,0.0,0.09090834110975266,0.0,0.0,0.0,0.0,0.0,0.0,0.0
C1QL2,0.0,0.0,0.09089682251214981,0.0,0.0,0.0,0.0,0.0,0.0,0.0,0.09089682251214981,0.0,0.0,0.0,0.0,0.0
